1.0|apnic|20110228|1284|20100922|+1000
apnic|*|ipv4|*|1284|summary
apnic||ipv4|128.134.0.0|65536|20040401||
apnic||ipv4|128.184.0.0|65536|20040401||
apnic||ipv4|128.250.0.0|65536|20040401||
apnic||ipv4|129.060.0.0|65536|20030101||
apnic||ipv4|129.078.0.0|65536|20030101||
apnic||ipv4|129.094.0.0|65536|20030101||
apnic||ipv4|129.096.0.0|65536|20030101||
apnic||ipv4|129.127.0.0|65536|20030101||
apnic||ipv4|129.136.0.0|65536|20030101||
apnic||ipv4|129.180.0.0|65536|20030101||
apnic||ipv4|129.249.0.0|65536|20030101||
apnic||ipv4|129.254.0.0|65536|20030101||
apnic||ipv4|130.034.0.0|65536|20031101||
apnic||ipv4|130.054.0.0|65536|20031101||
apnic||ipv4|130.056.0.0|65536|20031101||
apnic||ipv4|130.069.0.0|65536|20031101||
apnic||ipv4|130.087.0.0|65536|20031101||
apnic||ipv4|130.095.0.0|65536|20031101||
apnic||ipv4|130.102.0.0|65536|20031101||
apnic||ipv4|130.116.0.0|65536|20031101||
apnic||ipv4|130.123.0.0|65536|20031101||
apnic||ipv4|130.130.0.0|65536|20031101||
apnic||ipv4|130.153.0.0|65536|20031101||
apnic||ipv4|130.155.0.0|65536|20031101||
apnic||ipv4|130.158.0.0|65536|20031101||
apnic||ipv4|130.194.0.0|131072|20031101||
apnic||ipv4|130.216.0.0|131072|20031101||
apnic||ipv4|130.220.0.0|65536|20031101||
apnic||ipv4|131.112.0.0|131072|20040201||
apnic||ipv4|131.170.0.0|65536|20040201||
apnic||ipv4|131.172.0.0|65536|20040201||
apnic||ipv4|131.181.0.0|65536|20040201||
apnic||ipv4|131.185.0.0|65536|20040201||
apnic||ipv4|131.203.0.0|65536|20040201||
apnic||ipv4|131.206.0.0|65536|20040201||
apnic||ipv4|131.217.0.0|65536|20040201||
apnic||ipv4|131.236.0.0|65536|20040201||
apnic||ipv4|131.242.0.0|65536|20040201||
apnic||ipv4|131.244.0.0|131072|20040201||
apnic||ipv4|131.248.0.0|65536|20040201||
apnic||ipv4|132.179.0.0|65536|20031201||
apnic||ipv4|132.181.0.0|65536|20031201||
apnic||ipv4|132.182.0.0|65536|20031201||
apnic||ipv4|132.222.0.0|65536|20031201||
apnic||ipv4|132.234.0.0|65536|20031201||
apnic||ipv4|134.007.0.0|65536|20031101||
apnic||ipv4|134.018.0.0|65536|20031101||
apnic||ipv4|134.075.0.0|65536|20031101||
apnic||ipv4|134.115.0.0|65536|20031101||
apnic||ipv4|134.144.0.0|65536|20031101||
apnic||ipv4|134.148.0.0|65536|20031101||
apnic||ipv4|134.159.0.0|65536|20031101||
apnic||ipv4|134.160.0.0|65536|20031101||
apnic||ipv4|134.178.0.0|65536|20031101||
apnic||ipv4|134.180.0.0|65536|20031101||
apnic||ipv4|134.196.0.0|65536|20031101||
apnic||ipv4|134.208.0.0|65536|20031101||
apnic||ipv4|134.211.0.0|65536|20031101||
apnic||ipv4|134.237.0.0|65536|20031101||
apnic||ipv4|136.153.0.0|65536|20040401||
apnic||ipv4|136.154.0.0|65536|20040401||
apnic||ipv4|136.186.0.0|131072|20040401||
apnic||ipv4|136.198.0.0|65536|20040401||
apnic||ipv4|137.068.0.0|65536|20040201||
apnic||ipv4|137.076.0.0|65536|20040201||
apnic||ipv4|137.092.0.0|65536|20040201||
apnic||ipv4|137.109.0.0|65536|20040201||
apnic||ipv4|137.111.0.0|65536|20040201||
apnic||ipv4|137.132.0.0|65536|20040201||
apnic||ipv4|137.147.0.0|65536|20040201||
apnic||ipv4|137.153.0.0|65536|20040201||
apnic||ipv4|137.154.0.0|65536|20040201||
apnic||ipv4|137.157.0.0|65536|20040201||
apnic||ipv4|137.166.0.0|65536|20040201||
apnic||ipv4|137.172.0.0|65536|20040201||
apnic||ipv4|137.189.0.0|65536|20040201||
apnic||ipv4|137.219.0.0|65536|20040201||
apnic||ipv4|138.007.0.0|65536|20031201||
apnic||ipv4|138.019.0.0|65536|20031201||
apnic||ipv4|138.024.0.0|131072|20031201||
apnic||ipv4|138.030.0.0|65536|20031201||
apnic||ipv4|138.044.0.0|65536|20031201||
apnic||ipv4|138.071.0.0|65536|20031201||
apnic||ipv4|138.075.0.0|65536|20031201||
apnic||ipv4|138.077.0.0|65536|20031201||
apnic||ipv4|138.079.0.0|65536|20031201||
apnic||ipv4|138.80.0.0|65536|20031201||
apnic||ipv4|138.101.0.0|65536|20031201||
apnic||ipv4|138.107.0.0|65536|20031201||
apnic||ipv4|138.130.0.0|65536|20031201||
apnic||ipv4|138.194.0.0|65536|20031201||
apnic||ipv4|138.211.0.0|65536|20031201||
apnic||ipv4|138.212.0.0|131072|20031201||
apnic||ipv4|138.217.0.0|65536|20031201||
apnic||ipv4|138.235.0.0|65536|20031201||
apnic||ipv4|138.243.0.0|65536|20031201||
apnic||ipv4|138.252.0.0|65536|20031201||
apnic||ipv4|139.044.0.0|65536|20040301||
apnic||ipv4|139.059.0.0|65536|20040301||
apnic||ipv4|139.080.0.0|65536|20040301||
apnic||ipv4|139.086.0.0|65536|20040301||
apnic||ipv4|139.130.0.0|65536|20040301||
apnic||ipv4|139.132.0.0|65536|20040301||
apnic||ipv4|139.134.0.0|65536|20040301||
apnic||ipv4|139.152.0.0|65536|20040301||
apnic||ipv4|139.154.0.0|65536|20040301||
apnic||ipv4|139.163.0.0|65536|20040301||
apnic||ipv4|139.168.0.0|65536|20040301||
apnic||ipv4|139.175.0.0|65536|20040301||
apnic||ipv4|139.188.0.0|65536|20040301||
apnic||ipv4|139.223.0.0|65536|20040301||
apnic||ipv4|139.230.0.0|65536|20040301||
apnic||ipv4|140.079.0.0|65536|20030701||
apnic||ipv4|140.081.0.0|65536|20030701||
apnic||ipv4|140.083.0.0|65536|20030701||
apnic||ipv4|140.092.0.0|65536|20030701||
apnic||ipv4|140.096.0.0|65536|20030701||
apnic||ipv4|140.109.0.0|65536|20030701||
apnic||ipv4|140.110.0.0|131072|20030701||
apnic||ipv4|140.112.0.0|1048576|20030701||
apnic||ipv4|140.128.0.0|524288|20030701||
apnic||ipv4|140.136.0.0|131072|20030701||
apnic||ipv4|140.138.0.0|65536|20030701||
apnic||ipv4|140.159.0.0|65536|20030701||
apnic||ipv4|140.168.0.0|65536|20030701||
apnic||ipv4|140.200.0.0|65536|20030701||
apnic||ipv4|140.253.0.0|65536|20030701||
apnic||ipv4|141.103.0.0|65536|20030401||
apnic||ipv4|141.120.0.0|65536|20030401||
apnic||ipv4|141.132.0.0|65536|20030401||
apnic||ipv4|141.168.0.0|65536|20030401||
apnic||ipv4|141.178.0.0|65536|20030401||
apnic||ipv4|141.223.0.0|65536|20030401||
apnic||ipv4|141.229.0.0|65536|20030401||
apnic||ipv4|141.243.0.0|65536|20030401||
apnic||ipv4|143.089.0.0|65536|20031101||
apnic||ipv4|143.90.0.0|65536|20031101||
apnic||ipv4|143.092.0.0|65536|20031101||
apnic||ipv4|143.094.0.0|65536|20031101||
apnic||ipv4|143.096.0.0|65536|20031101||
apnic||ipv4|143.119.0.0|65536|20031101||
apnic||ipv4|143.125.0.0|65536|20031101||
apnic||ipv4|143.136.0.0|65536|20031101||
apnic||ipv4|143.171.0.0|65536|20031101||
apnic||ipv4|143.174.0.0|65536|20031101||
apnic||ipv4|143.188.0.0|131072|20031101||
apnic||ipv4|143.201.0.0|65536|20031101||
apnic||ipv4|143.216.0.0|65536|20031101||
apnic||ipv4|143.218.0.0|65536|20031101||
apnic||ipv4|143.221.0.0|65536|20031101||
apnic||ipv4|143.238.0.0|65536|20031101||
apnic||ipv4|143.248.0.0|65536|20031101||
apnic||ipv4|143.253.0.0|65536|20031101||
apnic||ipv4|144.001.0.0|65536|20040101||
apnic||ipv4|144.006.0.0|65536|20040101||
apnic||ipv4|144.016.0.0|65536|20040101||
apnic||ipv4|144.053.0.0|65536|20040101||
apnic||ipv4|144.055.0.0|65536|20040101||
apnic||ipv4|144.066.0.0|65536|20040101||
apnic||ipv4|144.079.0.0|65536|20040101||
apnic||ipv4|144.097.0.0|65536|20040101||
apnic||ipv4|144.110.0.0|65536|20040101||
apnic||ipv4|144.120.0.0|65536|20040101||
apnic||ipv4|144.130.0.0|131072|20040101||
apnic||ipv4|144.132.0.0|262144|20040101||
apnic||ipv4|144.136.0.0|262144|20040101||
apnic||ipv4|144.140.0.0|65536|20040101||
apnic||ipv4|144.199.0.0|65536|20040101||
apnic||ipv4|144.205.0.0|65536|20040101||
apnic||ipv4|144.213.0.0|65536|20040101||
apnic||ipv4|144.214.0.0|65536|20040101||
apnic||ipv4|144.218.0.0|65536|20040101||
apnic||ipv4|146.011.0.0|65536|20040201||
apnic||ipv4|146.051.0.0|65536|20040201||
apnic||ipv4|146.056.0.0|65536|20040201||
apnic||ipv4|146.062.0.0|65536|20040201||
apnic||ipv4|146.116.0.0|131072|20040201||
apnic||ipv4|146.118.0.0|65536|20040201||
apnic||ipv4|146.144.0.0|65536|20040201||
apnic||ipv4|146.171.0.0|65536|20040201||
apnic||ipv4|146.178.0.0|65536|20040201||
apnic||ipv4|146.195.0.0|65536|20040201||
apnic||ipv4|146.196.0.0|65536|20040201||
apnic||ipv4|146.221.0.0|65536|20040201||
apnic||ipv4|147.006.0.0|65536|20031001||
apnic||ipv4|147.008.0.0|65536|20031001||
apnic||ipv4|147.010.0.0|65536|20031001||
apnic||ipv4|147.041.0.0|65536|20031001||
apnic||ipv4|147.043.0.0|65536|20031001||
apnic||ipv4|147.046.0.0|131072|20031001||
apnic||ipv4|147.066.0.0|65536|20031001||
apnic||ipv4|147.069.0.0|65536|20031001||
apnic||ipv4|147.076.0.0|65536|20031001||
apnic||ipv4|147.109.0.0|65536|20031001||
apnic||ipv4|147.132.0.0|65536|20031001||
apnic||ipv4|147.157.0.0|65536|20031001||
apnic||ipv4|147.158.0.0|65536|20031001||
apnic||ipv4|147.176.0.0|65536|20031001||
apnic||ipv4|147.200.0.0|65536|20031001||
apnic||ipv4|147.209.0.0|65536|20031001||
apnic||ipv4|147.211.0.0|65536|20031001||
apnic||ipv4|147.212.0.0|65536|20031001||
apnic||ipv4|148.145.0.0|65536|20031001||
apnic||ipv4|148.161.0.0|65536|20031001||
apnic||ipv4|148.182.0.0|65536|20031001||
apnic||ipv4|148.195.0.0|65536|20031001||
apnic||ipv4|149.135.0.0|65536|20031001||
apnic||ipv4|149.144.0.0|65536|20031001||
apnic||ipv4|149.167.0.0|65536|20031001||
apnic||ipv4|149.171.0.0|65536|20031001||
apnic||ipv4|149.176.0.0|65536|20031001||
apnic||ipv4|150.001.0.0|65536|20030401||
apnic||ipv4|150.2.0.0|131072|20030401||
apnic||ipv4|150.4.0.0|262144|20030401||
apnic||ipv4|150.8.0.0|524288|20030401||
apnic||ipv4|150.16.0.0|1048576|20030401||
apnic||ipv4|150.32.0.0|2097152|20030401||
apnic||ipv4|150.64.0.0|2097152|20030401||
apnic||ipv4|150.96.0.0|262144|20030401||
apnic||ipv4|150.100.0.0|131072|20030401||
apnic||ipv4|150.150.0.0|131072|20030401||
apnic||ipv4|150.173.0.0|65536|20030401||
apnic||ipv4|150.183.0.0|65536|20030401||
apnic||ipv4|150.191.0.0|65536|20030401||
apnic||ipv4|150.197.0.0|65536|20030401||
apnic||ipv4|150.203.0.0|65536|20030401||
apnic||ipv4|150.206.0.0|131072|20030401||
apnic||ipv4|150.229.0.0|65536|20030401||
apnic||ipv4|151.130.0.0|65536|20030401||
apnic||ipv4|151.158.0.0|65536|20030401||
apnic||ipv4|151.172.0.0|65536|20030401||
apnic||ipv4|151.178.0.0|65536|20030401||
apnic||ipv4|152.076.0.0|65536|20040301||
apnic||ipv4|152.083.0.0|65536|20040301||
apnic||ipv4|152.091.0.0|65536|20040301||
apnic||ipv4|152.098.0.0|131072|20040301||
apnic||ipv4|152.101.0.0|65536|20040301||
apnic||ipv4|152.102.0.0|131072|20040301||
apnic||ipv4|152.104.0.0|65536|20040301||
apnic||ipv4|152.118.0.0|65536|20040301||
apnic||ipv4|152.147.0.0|65536|20040301||
apnic||ipv4|152.149.0.0|65536|20040301||
apnic||ipv4|152.153.0.0|65536|20040301||
apnic||ipv4|152.226.0.0|65536|20040301||
apnic||ipv4|153.020.0.0|65536|20040301||
apnic||ipv4|153.107.0.0|65536|20040301||
apnic||ipv4|153.111.0.0|65536|20040301||
apnic||ipv4|154.010.0.0|65536|20030901||
apnic||ipv4|154.033.0.0|65536|20030901||
apnic||ipv4|154.34.0.0|65536|20030901||
apnic||ipv4|155.032.0.0|65536|20030901||
apnic||ipv4|155.059.0.0|65536|20030901||
apnic||ipv4|155.60.0.0|65536|20030901||
apnic||ipv4|155.069.0.0|65536|20030901||
apnic||ipv4|155.071.0.0|65536|20030901||
apnic||ipv4|155.143.0.0|65536|20030901||
apnic||ipv4|155.144.0.0|65536|20030901||
apnic||ipv4|155.160.0.0|65536|20030901||
apnic||ipv4|155.187.0.0|65536|20030901||
apnic||ipv4|155.205.0.0|65536|20030901||
apnic||ipv4|155.230.0.0|65536|20030901||
apnic||ipv4|156.013.0.0|65536|20040101||
apnic||ipv4|156.016.0.0|65536|20040101||
apnic||ipv4|156.022.0.0|65536|20040101||
apnic||ipv4|156.031.0.0|65536|20040101||
apnic||ipv4|156.050.0.0|65536|20040101||
apnic||ipv4|156.059.0.0|65536|20040101||
apnic||ipv4|156.062.0.0|65536|20040101||
apnic||ipv4|156.069.0.0|65536|20040101||
apnic||ipv4|156.147.0.0|65536|20040101||
apnic||ipv4|156.149.0.0|65536|20040101||
apnic||ipv4|157.001.0.0|65536|20040401||
apnic||ipv4|157.2.0.0|131072|20040401||
apnic||ipv4|157.4.0.0|262144|20040401||
apnic||ipv4|157.8.0.0|524288|20040401||
apnic||ipv4|157.16.0.0|262144|20040401||
apnic||ipv4|157.20.0.0|65536|20040401||
apnic||ipv4|157.063.0.0|65536|20040401||
apnic||ipv4|157.64.0.0|1048576|20040401||
apnic||ipv4|157.80.0.0|131072|20040401||
apnic||ipv4|157.82.0.0|65536|20040401||
apnic||ipv4|157.085.0.0|65536|20040401||
apnic||ipv4|157.101.0.0|65536|20040401||
apnic||ipv4|157.102.0.0|131072|20040401||
apnic||ipv4|157.104.0.0|524288|20040401||
apnic||ipv4|157.112.0.0|524288|20040401||
apnic||ipv4|157.120.0.0|65536|20040401||
apnic||ipv4|157.128.0.0|65536|20040401||
apnic||ipv4|157.155.0.0|65536|20040401||
apnic||ipv4|157.179.0.0|65536|20040401||
apnic||ipv4|157.192.0.0|65536|20040401||
apnic||ipv4|157.197.0.0|65536|20040401||
apnic||ipv4|157.205.0.0|65536|20040401||
apnic||ipv4|157.211.0.0|65536|20040401||
apnic||ipv4|157.227.0.0|65536|20040401||
apnic||ipv4|158.040.0.0|65536|20031001||
apnic||ipv4|158.044.0.0|131072|20031001||
apnic||ipv4|158.054.0.0|65536|20031001||
apnic||ipv4|158.089.0.0|65536|20031001||
apnic||ipv4|158.108.0.0|65536|20031001||
apnic||ipv4|158.132.0.0|65536|20031001||
apnic||ipv4|158.144.0.0|65536|20031001||
apnic||ipv4|158.161.0.0|65536|20031001||
apnic||ipv4|158.182.0.0|65536|20031001||
apnic||ipv4|158.198.0.0|131072|20031001||
apnic||ipv4|158.200.0.0|524288|20031001||
apnic||ipv4|158.208.0.0|524288|20031001||
apnic||ipv4|158.217.0.0|65536|20031001||
apnic||ipv4|159.013.0.0|65536|20031001||
apnic||ipv4|159.052.0.0|65536|20031001||
apnic||ipv4|159.073.0.0|65536|20031001||
apnic||ipv4|159.080.0.0|65536|20031001||
apnic||ipv4|159.111.0.0|65536|20031001||
apnic||ipv4|159.117.0.0|65536|20031001||
apnic||ipv4|159.196.0.0|65536|20031001||
apnic||ipv4|159.207.0.0|65536|20031001||
apnic||ipv4|159.211.0.0|65536|20031001||
apnic||ipv4|159.226.0.0|65536|20031001||
apnic||ipv4|159.228.0.0|65536|20031001||
apnic||ipv4|159.248.0.0|65536|20031001||
apnic||ipv4|160.004.0.0|65536|20040401||
apnic||ipv4|160.011.0.0|65536|20040401||
apnic||ipv4|160.12.0.0|262144|20040401||
apnic||ipv4|160.16.0.0|524288|20040401||
apnic||ipv4|160.24.0.0|262144|20040401||
apnic||ipv4|160.28.0.0|131072|20040401||
apnic||ipv4|160.30.0.0|65536|20040401||
apnic||ipv4|160.064.0.0|65536|20040401||
apnic||ipv4|160.074.0.0|65536|20040401||
apnic||ipv4|160.096.0.0|65536|20040401||
apnic||ipv4|160.185.0.0|65536|20040401||
apnic||ipv4|160.186.0.0|131072|20040401||
apnic||ipv4|160.188.0.0|262144|20040401||
apnic||ipv4|160.192.0.0|524288|20040401||
apnic||ipv4|160.200.0.0|262144|20040401||
apnic||ipv4|160.204.0.0|65536|20040401||
apnic||ipv4|160.206.0.0|65536|20040401||
apnic||ipv4|160.215.0.0|65536|20040401||
apnic||ipv4|160.222.0.0|65536|20040401||
apnic||ipv4|160.233.0.0|65536|20040401||
apnic||ipv4|160.234.0.0|131072|20040401||
apnic||ipv4|160.236.0.0|262144|20040401||
apnic||ipv4|160.248.0.0|262144|20040401||
apnic||ipv4|160.252.0.0|65536|20040401||
apnic||ipv4|161.029.0.0|65536|20040201||
apnic||ipv4|161.043.0.0|65536|20040201||
apnic||ipv4|161.050.0.0|65536|20040201||
apnic||ipv4|161.064.0.0|131072|20040201||
apnic||ipv4|161.66.0.0|65536|20040201||
apnic||ipv4|161.075.0.0|65536|20040201||
apnic||ipv4|161.093.0.0|65536|20040201||
apnic||ipv4|161.94.0.0|131072|20040201||
apnic||ipv4|161.96.0.0|65536|20040201||
apnic||ipv4|161.117.0.0|65536|20040201||
apnic||ipv4|161.118.0.0|65536|20040201||
apnic||ipv4|161.122.0.0|65536|20040201||
apnic||ipv4|161.126.0.0|65536|20040201||
apnic||ipv4|161.139.0.0|65536|20040201||
apnic||ipv4|161.142.0.0|131072|20040201||
apnic||ipv4|161.146.0.0|65536|20040201||
apnic||ipv4|161.152.0.0|65536|20040201||
apnic||ipv4|161.200.0.0|65536|20040201||
apnic||ipv4|161.207.0.0|65536|20040201||
apnic||ipv4|161.229.0.0|65536|20040201||
apnic||ipv4|161.246.0.0|65536|20040201||
apnic||ipv4|161.248.0.0|65536|20040201||
apnic||ipv4|162.004.0.0|65536|20030701||
apnic||ipv4|162.105.0.0|65536|20030701||
apnic||ipv4|162.112.0.0|65536|20030701||
apnic||ipv4|162.145.0.0|65536|20030701||
apnic||ipv4|162.146.0.0|131072|20030701||
apnic||ipv4|163.007.0.0|65536|20030401||
apnic||ipv4|163.8.0.0|65536|20030401||
apnic||ipv4|163.013.0.0|65536|20030401||
apnic||ipv4|163.14.0.0|131072|20030401||
apnic||ipv4|163.16.0.0|1048576|20030401||
apnic||ipv4|163.32.0.0|65536|20030401||
apnic||ipv4|163.042.0.0|131072|20030401||
apnic||ipv4|163.44.0.0|262144|20030401||
apnic||ipv4|163.48.0.0|524288|20030401||
apnic||ipv4|163.56.0.0|262144|20030401||
apnic||ipv4|163.60.0.0|131072|20030401||
apnic||ipv4|163.122.0.0|65536|20030401||
apnic||ipv4|163.127.0.0|65536|20030401||
apnic||ipv4|163.144.0.0|524288|20030401||
apnic||ipv4|163.152.0.0|65536|20030401||
apnic||ipv4|163.180.0.0|65536|20030401||
apnic||ipv4|163.189.0.0|65536|20030401||
apnic||ipv4|163.208.0.0|262144|20030401||
apnic||ipv4|163.212.0.0|65536|20030401||
apnic||ipv4|163.214.0.0|131072|20030401||
apnic||ipv4|163.216.0.0|262144|20030401||
apnic||ipv4|163.220.0.0|131072|20030401||
apnic||ipv4|163.223.0.0|65536|20030401||
apnic||ipv4|163.224.0.0|262144|20030401||
apnic||ipv4|163.232.0.0|131072|20030401||
apnic||ipv4|163.239.0.0|65536|20030401||
apnic||ipv4|164.043.0.0|65536|20030701||
apnic||ipv4|164.046.0.0|65536|20030701||
apnic||ipv4|164.053.0.0|65536|20030701||
apnic||ipv4|164.069.0.0|65536|20030701||
apnic||ipv4|164.70.0.0|131072|20030701||
apnic||ipv4|164.075.0.0|65536|20030701||
apnic||ipv4|164.078.0.0|65536|20030701||
apnic||ipv4|164.080.0.0|65536|20030701||
apnic||ipv4|164.097.0.0|65536|20030701||
apnic||ipv4|164.100.0.0|65536|20030701||
apnic||ipv4|164.108.0.0|65536|20030701||
apnic||ipv4|164.112.0.0|65536|20030701||
apnic||ipv4|164.115.0.0|65536|20030701||
apnic||ipv4|164.124.0.0|131072|20030701||
apnic||ipv4|164.160.0.0|262144|20030701||
apnic||ipv4|164.164.0.0|65536|20030701||
apnic||ipv4|165.012.0.0|65536|20030801||
apnic||ipv4|165.014.0.0|131072|20030801||
apnic||ipv4|165.18.0.0|65536|20030801||
apnic||ipv4|165.021.0.0|65536|20030801||
apnic||ipv4|165.031.0.0|65536|20030801||
apnic||ipv4|165.067.0.0|65536|20030801||
apnic||ipv4|165.069.0.0|65536|20030801||
apnic||ipv4|165.076.0.0|65536|20030801||
apnic||ipv4|165.084.0.0|65536|20030801||
apnic||ipv4|165.086.0.0|65536|20030801||
apnic||ipv4|165.093.0.0|65536|20030801||
apnic||ipv4|165.096.0.0|65536|20030801||
apnic||ipv4|165.099.0.0|65536|20030801||
apnic||ipv4|165.100.0.0|131072|20030801||
apnic||ipv4|165.102.0.0|65536|20030801||
apnic||ipv4|165.108.0.0|65536|20030801||
apnic||ipv4|165.118.0.0|65536|20030801||
apnic||ipv4|165.132.0.0|131072|20030801||
apnic||ipv4|165.141.0.0|65536|20030801||
apnic||ipv4|165.142.0.0|65536|20030801||
apnic||ipv4|165.186.0.0|131072|20030801||
apnic||ipv4|165.191.0.0|65536|20030801||
apnic||ipv4|165.194.0.0|65536|20030801||
apnic||ipv4|165.202.0.0|65536|20030801||
apnic||ipv4|165.205.0.0|65536|20030801||
apnic||ipv4|165.209.0.0|65536|20030801||
apnic||ipv4|165.213.0.0|65536|20030801||
apnic||ipv4|165.220.0.0|65536|20030801||
apnic||ipv4|165.228.0.0|131072|20030801||
apnic||ipv4|165.240.0.0|262144|20030801||
apnic||ipv4|165.244.0.0|65536|20030801||
apnic||ipv4|165.246.0.0|65536|20030801||
apnic||ipv4|166.064.0.0|131072|20030801||
apnic||ipv4|166.079.0.0|65536|20030801||
apnic||ipv4|166.081.0.0|65536|20030801||
apnic||ipv4|166.083.0.0|65536|20030801||
apnic||ipv4|166.100.0.0|65536|20030801||
apnic||ipv4|166.103.0.0|65536|20030801||
apnic||ipv4|166.104.0.0|65536|20030801||
apnic||ipv4|166.106.0.0|65536|20030801||
apnic||ipv4|166.111.0.0|65536|20030801||
apnic||ipv4|166.118.0.0|131072|20030801||
apnic||ipv4|166.120.0.0|131072|20030801||
apnic||ipv4|166.125.0.0|65536|20030801||
apnic||ipv4|167.030.0.0|65536|20030701||
apnic||ipv4|167.103.0.0|65536|20030701||
apnic||ipv4|167.123.0.0|65536|20030701||
apnic||ipv4|167.130.0.0|65536|20030701||
apnic||ipv4|167.139.0.0|65536|20030701||
apnic||ipv4|167.162.0.0|65536|20030701||
apnic||ipv4|167.169.0.0|65536|20030701||
apnic||ipv4|167.175.0.0|65536|20030701||
apnic||ipv4|167.179.0.0|65536|20030701||
apnic||ipv4|167.189.0.0|65536|20030701||
apnic||ipv4|167.205.0.0|65536|20030701||
apnic||ipv4|168.070.0.0|65536|20030801||
apnic||ipv4|168.078.0.0|131072|20030801||
apnic||ipv4|168.095.0.0|65536|20030801||
apnic||ipv4|168.106.0.0|65536|20030801||
apnic||ipv4|168.115.0.0|65536|20030801||
apnic||ipv4|168.120.0.0|65536|20030801||
apnic||ipv4|168.126.0.0|65536|20030801||
apnic||ipv4|168.130.0.0|131072|20030801||
apnic||ipv4|168.132.0.0|65536|20030801||
apnic||ipv4|168.134.0.0|65536|20030801||
apnic||ipv4|168.140.0.0|65536|20030801||
apnic||ipv4|168.152.0.0|131072|20030801||
apnic||ipv4|168.154.0.0|65536|20030801||
apnic||ipv4|168.160.0.0|65536|20030801||
apnic||ipv4|168.186.0.0|65536|20030801||
apnic||ipv4|168.188.0.0|65536|20030801||
apnic||ipv4|168.198.0.0|65536|20030801||
apnic||ipv4|168.217.0.0|65536|20030801||
apnic||ipv4|168.219.0.0|65536|20030801||
apnic||ipv4|168.248.0.0|131072|20030801||
apnic||ipv4|168.252.0.0|65536|20030801||
apnic||ipv4|169.140.0.0|65536|20030901||
apnic||ipv4|169.201.0.0|65536|20030901||
apnic||ipv4|170.038.0.0|65536|20030801||
apnic||ipv4|170.095.0.0|65536|20030801||
apnic||ipv4|170.157.0.0|65536|20030801||
apnic||ipv4|170.179.0.0|65536|20030801||
apnic||ipv4|192.005.090.0|256|20030801||
apnic||ipv4|192.005.216.0|256|20030801||
apnic||ipv4|192.005.240.0|256|20030801||
apnic||ipv4|192.012.076.0|256|20030801||
apnic||ipv4|192.016.178.0|512|20030801||
apnic||ipv4|192.016.180.0|256|20030801||
apnic||ipv4|192.026.091.0|256|20030801||
apnic||ipv4|192.026.093.0|256|20030801||
apnic||ipv4|192.026.94.0|256|20030801||
apnic||ipv4|192.026.096.0|256|20030801||
apnic||ipv4|192.026.215.0|256|20030801||
apnic||ipv4|192.026.216.0|2048|20030801||
apnic||ipv4|192.026.224.0|1024|20030801||
apnic||ipv4|192.026.228.0|512|20030801||
apnic||ipv4|192.026.230.0|256|20030801||
apnic||ipv4|192.026.232.0|256|20030801||
apnic||ipv4|192.031.116.0|1024|20030801||
apnic||ipv4|192.031.120.0|1024|20030801||
apnic||ipv4|192.031.124.0|256|20030801||
apnic||ipv4|192.031.197.0|256|20030801||
apnic||ipv4|192.031.198.0|512|20030801||
apnic||ipv4|192.031.200.0|1024|20030801||
apnic||ipv4|192.031.204.0|512|20030801||
apnic||ipv4|192.031.206.0|256|20030801||
apnic||ipv4|192.033.135.0|256|20030801||
apnic||ipv4|192.035.059.0|256|20030801||
apnic||ipv4|192.035.248.0|256|20030801||
apnic||ipv4|192.041.146.0|256|20030801||
apnic||ipv4|192.041.170.0|256|20030801||
apnic||ipv4|192.041.178.0|512|20030801||
apnic||ipv4|192.041.180.0|1024|20030801||
apnic||ipv4|192.041.184.0|2048|20030801||
apnic||ipv4|192.041.192.0|1024|20030801||
apnic||ipv4|192.041.196.0|512|20030801||
apnic||ipv4|192.041.203.0|256|20030801||
apnic||ipv4|192.041.206.0|256|20030801||
apnic||ipv4|192.042.052.0|256|20030801||
apnic||ipv4|192.042.060.0|512|20030801||
apnic||ipv4|192.042.62.0|256|20030801||
apnic||ipv4|192.042.084.0|512|20030801||
apnic||ipv4|192.042.86.0|256|20030801||
apnic||ipv4|192.042.103.0|256|20030801||
apnic||ipv4|192.042.104.0|1024|20030801||
apnic||ipv4|192.042.151.0|256|20030801||
apnic||ipv4|192.042.237.0|256|20030801||
apnic||ipv4|192.043.174.0|256|20030801||
apnic||ipv4|192.043.185.0|256|20030801||
apnic||ipv4|192.043.189.0|256|20030801||
apnic||ipv4|192.043.198.0|256|20030801||
apnic||ipv4|192.043.201.0|256|20030801||
apnic||ipv4|192.043.202.0|256|20030801||
apnic||ipv4|192.043.207.0|256|20030801||
apnic||ipv4|192.043.208.0|512|20030801||
apnic||ipv4|192.043.226.0|512|20030801||
apnic||ipv4|192.043.228.0|512|20030801||
apnic||ipv4|192.043.239.0|256|20030801||
apnic||ipv4|192.047.0.0|32768|20030801||
apnic||ipv4|192.047.128.0|16384|20030801||
apnic||ipv4|192.047.192.0|8192|20030801||
apnic||ipv4|192.047.224.0|4096|20030801||
apnic||ipv4|192.047.240.0|512|20030801||
apnic||ipv4|192.048.109.0|256|20030801||
apnic||ipv4|192.048.110.0|256|20030801||
apnic||ipv4|192.048.248.0|256|20030801||
apnic||ipv4|192.050.0.0|65536|20030801||
apnic||ipv4|192.051.016.0|4096|20030801||
apnic||ipv4|192.051.64.0|16384|20030801||
apnic||ipv4|192.052.072.0|512|20030801||
apnic||ipv4|192.052.119.0|256|20030801||
apnic||ipv4|192.052.120.0|2048|20030801||
apnic||ipv4|192.052.128.0|4096|20030801||
apnic||ipv4|192.052.144.0|1024|20030801||
apnic||ipv4|192.052.148.0|512|20030801||
apnic||ipv4|192.052.150.0|256|20030801||
apnic||ipv4|192.052.171.0|256|20030801||
apnic||ipv4|192.052.172.0|1024|20030801||
apnic||ipv4|192.052.176.0|256|20030801||
apnic||ipv4|192.052.185.0|256|20030801||
apnic||ipv4|192.052.196.0|512|20030801||
apnic||ipv4|192.054.105.0|256|20030801||
apnic||ipv4|192.054.106.0|256|20030801||
apnic||ipv4|192.054.130.0|256|20030801||
apnic||ipv4|192.054.135.0|256|20030801||
apnic||ipv4|192.054.137.0|256|20030801||
apnic||ipv4|192.054.247.0|256|20030801||
apnic||ipv4|192.054.251.0|256|20030801||
apnic||ipv4|192.055.098.0|512|20030801||
apnic||ipv4|192.055.110.0|256|20030801||
apnic||ipv4|192.055.112.0|256|20030801||
apnic||ipv4|192.055.118.0|256|20030801||
apnic||ipv4|192.055.190.0|256|20030801||
apnic||ipv4|192.055.198.0|256|20030801||
apnic||ipv4|192.055.209.0|256|20030801||
apnic||ipv4|192.055.220.0|256|20030801||
apnic||ipv4|192.055.232.0|256|20030801||
apnic||ipv4|192.055.238.0|256|20030801||
apnic||ipv4|192.058.009.0|256|20030801||
apnic||ipv4|192.058.10.0|512|20030801||
apnic||ipv4|192.058.12.0|1024|20030801||
apnic||ipv4|192.058.16.0|512|20030801||
apnic||ipv4|192.058.18.0|256|20030801||
apnic||ipv4|192.058.097.0|256|20030801||
apnic||ipv4|192.058.98.0|512|20030801||
apnic||ipv4|192.058.100.0|512|20030801||
apnic||ipv4|192.058.133.0|256|20030801||
apnic||ipv4|192.058.134.0|512|20030801||
apnic||ipv4|192.058.136.0|256|20030801||
apnic||ipv4|192.065.082.0|512|20030801||
apnic||ipv4|192.065.84.0|1024|20030801||
apnic||ipv4|192.065.88.0|1024|20030801||
apnic||ipv4|192.065.130.0|256|20030801||
apnic||ipv4|192.065.182.0|256|20030801||
apnic||ipv4|192.065.217.0|256|20030801||
apnic||ipv4|192.065.248.0|256|20030801||
apnic||ipv4|192.065.250.0|256|20030801||
apnic||ipv4|192.067.001.0|256|20030801||
apnic||ipv4|192.067.012.0|256|20030801||
apnic||ipv4|192.067.084.0|512|20030801||
apnic||ipv4|192.067.168.0|256|20030801||
apnic||ipv4|192.067.171.0|256|20030801||
apnic||ipv4|192.067.217.0|256|20030801||
apnic||ipv4|192.067.248.0|256|20030801||
apnic||ipv4|192.068.110.0|512|20030801||
apnic||ipv4|192.068.132.0|256|20030801||
apnic||ipv4|192.068.139.0|256|20030801||
apnic||ipv4|192.068.171.0|256|20030801||
apnic||ipv4|192.068.172.0|256|20030801||
apnic||ipv4|192.068.179.0|256|20030801||
apnic||ipv4|192.068.235.0|256|20030801||
apnic||ipv4|192.068.236.0|1024|20030801||
apnic||ipv4|192.068.240.0|2048|20030801||
apnic||ipv4|192.068.248.0|512|20030801||
apnic||ipv4|192.070.135.0|256|20030801||
apnic||ipv4|192.070.174.0|256|20030801||
apnic||ipv4|192.070.179.0|256|20030801||
apnic||ipv4|192.070.180.0|1024|20030801||
apnic||ipv4|192.070.216.0|256|20030801||
apnic||ipv4|192.070.219.0|256|20030801||
apnic||ipv4|192.072.003.0|256|20030801||
apnic||ipv4|192.072.4.0|1024|20030801||
apnic||ipv4|192.072.8.0|2048|20030801||
apnic||ipv4|192.072.16.0|4096|20030801||
apnic||ipv4|192.072.32.0|8192|20030801||
apnic||ipv4|192.072.64.0|16384|20030801||
apnic||ipv4|192.072.128.0|16384|20030801||
apnic||ipv4|192.072.192.0|8192|20030801||
apnic||ipv4|192.072.224.0|4096|20030801||
apnic||ipv4|192.072.240.0|2048|20030801||
apnic||ipv4|192.072.248.0|1024|20030801||
apnic||ipv4|192.072.252.0|256|20030801||
apnic||ipv4|192.073.012.0|256|20030801||
apnic||ipv4|192.073.021.0|256|20030801||
apnic||ipv4|192.073.22.0|256|20030801||
apnic||ipv4|192.073.024.0|512|20030801||
apnic||ipv4|192.073.066.0|256|20030801||
apnic||ipv4|192.074.139.0|256|20030801||
apnic||ipv4|192.074.140.0|1024|20030801||
apnic||ipv4|192.074.144.0|4096|20030801||
apnic||ipv4|192.074.160.0|8192|20030801||
apnic||ipv4|192.074.192.0|4096|20030801||
apnic||ipv4|192.074.208.0|256|20030801||
apnic||ipv4|192.076.122.0|256|20030801||
apnic||ipv4|192.076.252.0|512|20030801||
apnic||ipv4|192.076.254.0|256|20030801||
apnic||ipv4|192.077.008.0|256|20030801||
apnic||ipv4|192.077.017.0|256|20030801||
apnic||ipv4|192.082.132.0|256|20030801||
apnic||ipv4|192.082.140.0|256|20030801||
apnic||ipv4|192.082.143.0|256|20030801||
apnic||ipv4|192.082.161.0|256|20030801||
apnic||ipv4|192.082.222.0|256|20030801||
apnic||ipv4|192.082.230.0|256|20030801||
apnic||ipv4|192.083.104.0|256|20030801||
apnic||ipv4|192.083.118.0|512|20030801||
apnic||ipv4|192.083.122.0|512|20030801||
apnic||ipv4|192.083.157.0|256|20030801||
apnic||ipv4|192.083.166.0|512|20030801||
apnic||ipv4|192.083.168.0|2048|20030801||
apnic||ipv4|192.083.176.0|4096|20030801||
apnic||ipv4|192.083.192.0|1024|20030801||
apnic||ipv4|192.083.196.0|256|20030801||
apnic||ipv4|192.083.198.0|256|20030801||
apnic||ipv4|192.083.217.0|256|20030801||
apnic||ipv4|192.083.218.0|512|20030801||
apnic||ipv4|192.083.224.0|256|20030801||
apnic||ipv4|192.083.231.0|256|20030801||
apnic||ipv4|192.083.237.0|256|20030801||
apnic||ipv4|192.083.238.0|256|20030801||
apnic||ipv4|192.084.071.0|256|20030801||
apnic||ipv4|192.084.72.0|512|20030801||
apnic||ipv4|192.084.089.0|256|20030801||
apnic||ipv4|192.084.219.0|256|20030801||
apnic||ipv4|192.084.230.0|256|20030801||
apnic||ipv4|192.084.237.0|256|20030801||
apnic||ipv4|192.084.238.0|256|20030801||
apnic||ipv4|192.084.241.0|256|20030801||
apnic||ipv4|192.084.242.0|256|20030801||
apnic||ipv4|192.084.253.0|256|20030801||
apnic||ipv4|192.086.012.0|256|20030801||
apnic||ipv4|192.086.129.0|256|20030801||
apnic||ipv4|192.086.132.0|512|20030801||
apnic||ipv4|192.086.165.0|256|20030801||
apnic||ipv4|192.088.006.0|512|20030801||
apnic||ipv4|192.088.080.0|256|20030801||
apnic||ipv4|192.088.085.0|256|20030801||
apnic||ipv4|192.088.101.0|256|20030801||
apnic||ipv4|192.088.102.0|256|20030801||
apnic||ipv4|192.088.119.0|256|20030801||
apnic||ipv4|192.088.187.0|256|20030801||
apnic||ipv4|192.088.190.0|256|20030801||
apnic||ipv4|192.091.179.0|256|20030801||
apnic||ipv4|192.091.185.0|256|20030801||
apnic||ipv4|192.091.213.0|256|20030801||
apnic||ipv4|192.091.254.0|256|20030801||
apnic||ipv4|192.092.015.0|256|20030801||
apnic||ipv4|192.094.041.0|256|20030801||
apnic||ipv4|192.094.062.0|512|20030801||
apnic||ipv4|192.094.64.0|256|20030801||
apnic||ipv4|192.094.122.0|256|20030801||
apnic||ipv4|192.094.169.0|256|20030801||
apnic||ipv4|192.094.174.0|256|20030801||
apnic||ipv4|192.094.200.0|256|20030801||
apnic||ipv4|192.094.208.0|512|20030801||
apnic||ipv4|192.094.220.0|256|20030801||
apnic||ipv4|192.094.227.0|256|20030801||
apnic||ipv4|192.094.238.0|256|20030801||
apnic||ipv4|192.094.243.0|256|20030801||
apnic||ipv4|192.094.244.0|256|20030801||
apnic||ipv4|192.100.002.0|256|20030801||
apnic||ipv4|192.100.022.0|256|20030801||
apnic||ipv4|192.100.053.0|256|20030801||
apnic||ipv4|192.100.077.0|256|20030801||
apnic||ipv4|192.100.080.0|256|20030801||
apnic||ipv4|192.101.016.0|256|20030801||
apnic||ipv4|192.101.091.0|256|20030801||
apnic||ipv4|192.101.134.0|256|20030801||
apnic||ipv4|192.101.183.0|256|20030801||
apnic||ipv4|192.101.254.0|256|20030801||
apnic||ipv4|192.102.083.0|256|20030801||
apnic||ipv4|192.102.092.0|256|20030801||
apnic||ipv4|192.102.239.0|256|20030801||
apnic||ipv4|192.102.250.0|512|20030801||
apnic||ipv4|192.103.042.0|512|20030801||
apnic||ipv4|192.103.046.0|256|20030801||
apnic||ipv4|192.103.130.0|256|20030801||
apnic||ipv4|192.103.132.0|256|20030801||
apnic||ipv4|192.104.015.0|256|20030801||
apnic||ipv4|192.104.040.0|256|20030801||
apnic||ipv4|192.104.043.0|256|20030801||
apnic||ipv4|192.104.44.0|512|20030801||
apnic||ipv4|192.104.080.0|256|20030801||
apnic||ipv4|192.104.172.0|256|20030801||
apnic||ipv4|192.104.232.0|512|20030801||
apnic||ipv4|192.104.246.0|512|20030801||
apnic||ipv4|192.104.252.0|256|20030801||
apnic||ipv4|192.105.010.0|256|20030801||
apnic||ipv4|192.107.009.0|256|20030801||
apnic||ipv4|192.107.10.0|256|20030801||
apnic||ipv4|192.107.101.0|256|20030801||
apnic||ipv4|192.107.112.0|512|20030801||
apnic||ipv4|192.107.171.0|256|20030801||
apnic||ipv4|192.107.172.0|256|20030801||
apnic||ipv4|192.108.099.0|256|20030801||
apnic||ipv4|192.108.113.0|256|20030801||
apnic||ipv4|192.108.230.0|256|20030801||
apnic||ipv4|192.111.032.0|256|20030801||
apnic||ipv4|192.111.102.0|256|20030801||
apnic||ipv4|192.111.105.0|256|20030801||
apnic||ipv4|192.112.215.0|256|20030801||
apnic||ipv4|192.122.131.0|256|20030801||
apnic||ipv4|192.122.132.0|1024|20030801||
apnic||ipv4|192.122.136.0|1024|20030801||
apnic||ipv4|192.122.140.0|256|20030801||
apnic||ipv4|192.122.171.0|256|20030801||
apnic||ipv4|192.122.176.0|256|20030801||
apnic||ipv4|192.122.180.0|256|20030801||
apnic||ipv4|192.122.210.0|256|20030801||
apnic||ipv4|192.124.010.0|512|20030801||
apnic||ipv4|192.124.12.0|512|20030801||
apnic||ipv4|192.124.14.0|256|20030801||
apnic||ipv4|192.124.024.0|256|20030801||
apnic||ipv4|192.124.117.0|256|20030801||
apnic||ipv4|192.124.152.0|256|20030801||
apnic||ipv4|192.124.154.0|256|20030801||
apnic||ipv4|192.131.013.0|256|20030801||
apnic||ipv4|192.131.027.0|256|20030801||
apnic||ipv4|192.131.28.0|512|20030801||
apnic||ipv4|192.131.30.0|256|20030801||
apnic||ipv4|192.131.090.0|512|20030801||
apnic||ipv4|192.131.92.0|256|20030801||
apnic||ipv4|192.131.251.0|256|20030801||
apnic||ipv4|192.131.252.0|256|20030801||
apnic||ipv4|192.132.015.0|256|20030801||
apnic||ipv4|192.132.031.0|256|20030801||
apnic||ipv4|192.132.041.0|256|20030801||
apnic||ipv4|192.132.093.0|256|20030801||
apnic||ipv4|192.132.102.0|256|20030801||
apnic||ipv4|192.132.247.0|256|20030801||
apnic||ipv4|192.132.248.0|1024|20030801||
apnic||ipv4|192.132.253.0|256|20030801||
apnic||ipv4|192.133.010.0|256|20030801||
apnic||ipv4|192.133.014.0|256|20030801||
apnic||ipv4|192.133.021.0|256|20030801||
apnic||ipv4|192.133.031.0|256|20030801||
apnic||ipv4|192.133.041.0|256|20030801||
apnic||ipv4|192.133.066.0|512|20030801||
apnic||ipv4|192.135.089.0|256|20030801||
apnic||ipv4|192.135.90.0|512|20030801||
apnic||ipv4|192.135.96.0|2048|20030801||
apnic||ipv4|192.135.104.0|1024|20030801||
apnic||ipv4|192.135.108.0|256|20030801||
apnic||ipv4|192.135.207.0|256|20030801||
apnic||ipv4|192.135.208.0|256|20030801||
apnic||ipv4|192.135.210.0|256|20030801||
apnic||ipv4|192.135.222.0|256|20030801||
apnic||ipv4|192.136.039.0|256|20030801||
apnic||ipv4|192.136.059.0|256|20030801||
apnic||ipv4|192.136.141.0|256|20030801||
apnic||ipv4|192.136.142.0|512|20030801||
apnic||ipv4|192.138.100.0|256|20030801||
apnic||ipv4|192.138.118.0|512|20030801||
apnic||ipv4|192.138.120.0|1024|20030801||
apnic||ipv4|192.138.124.0|512|20030801||
apnic||ipv4|192.138.188.0|256|20030801||
apnic||ipv4|192.138.251.0|256|20030801||
apnic||ipv4|192.146.133.0|256|20030801||
apnic||ipv4|192.146.150.0|256|20030801||
apnic||ipv4|192.146.184.0|256|20030801||
apnic||ipv4|192.146.189.0|256|20030801||
apnic||ipv4|192.146.200.0|256|20030801||
apnic||ipv4|192.146.218.0|512|20030801||
apnic||ipv4|192.146.232.0|256|20030801||
apnic||ipv4|192.146.251.0|256|20030801||
apnic||ipv4|192.146.252.0|512|20030801||
apnic||ipv4|192.147.114.0|256|20030801||
apnic||ipv4|192.147.151.0|256|20030801||
apnic||ipv4|192.147.152.0|512|20030801||
apnic||ipv4|192.147.235.0|256|20030801||
apnic||ipv4|192.147.246.0|256|20030801||
apnic||ipv4|192.147.253.0|256|20030801||
apnic||ipv4|192.148.116.0|1024|20030801||
apnic||ipv4|192.148.120.0|2048|20030801||
apnic||ipv4|192.148.128.0|8192|20030801||
apnic||ipv4|192.148.160.0|1024|20030801||
apnic||ipv4|192.148.164.0|512|20030801||
apnic||ipv4|192.148.221.0|256|20030801||
apnic||ipv4|192.148.223.0|256|20030801||
apnic||ipv4|192.148.224.0|1024|20030801||
apnic||ipv4|192.148.228.0|512|20030801||
apnic||ipv4|192.148.230.0|256|20030801||
apnic||ipv4|192.149.020.0|256|20030801||
apnic||ipv4|192.149.036.0|256|20030801||
apnic||ipv4|192.149.054.0|256|20030801||
apnic||ipv4|192.149.149.0|256|20030801||
apnic||ipv4|192.149.209.0|256|20030801||
apnic||ipv4|192.149.239.0|256|20030801||
apnic||ipv4|192.150.096.0|256|20030801||
apnic||ipv4|192.150.107.0|256|20030801||
apnic||ipv4|192.150.129.0|256|20030801||
apnic||ipv4|192.150.130.0|512|20030801||
apnic||ipv4|192.150.132.0|1024|20030801||
apnic||ipv4|192.150.136.0|1024|20030801||
apnic||ipv4|192.150.144.0|256|20030801||
apnic||ipv4|192.150.200.0|256|20030801||
apnic||ipv4|192.150.202.0|256|20030801||
apnic||ipv4|192.150.218.0|512|20030801||
apnic||ipv4|192.150.220.0|256|20030801||
apnic||ipv4|192.150.234.0|512|20030801||
apnic||ipv4|192.150.236.0|512|20030801||
apnic||ipv4|192.150.246.0|256|20030801||
apnic||ipv4|192.150.249.0|256|20030801||
apnic||ipv4|192.150.250.0|512|20030801||
apnic||ipv4|192.151.129.0|256|20030801||
apnic||ipv4|192.152.069.0|256|20030801||
apnic||ipv4|192.152.086.0|512|20030801||
apnic||ipv4|192.152.119.0|256|20030801||
apnic||ipv4|192.152.144.0|256|20030801||
apnic||ipv4|192.152.146.0|256|20030801||
apnic||ipv4|192.152.197.0|256|20030801||
apnic||ipv4|192.152.212.0|256|20030801||
apnic||ipv4|192.153.009.0|256|20030801||
apnic||ipv4|192.153.093.0|256|20030801||
apnic||ipv4|192.153.095.0|256|20030801||
apnic||ipv4|192.153.96.0|4096|20030801||
apnic||ipv4|192.153.112.0|512|20030801||
apnic||ipv4|192.153.114.0|256|20030801||
apnic||ipv4|192.153.158.0|256|20030801||
apnic||ipv4|192.153.196.0|512|20030801||
apnic||ipv4|192.153.221.0|256|20030801||
apnic||ipv4|192.153.222.0|512|20030801||
apnic||ipv4|192.153.224.0|1024|20030801||
apnic||ipv4|192.153.228.0|256|20030801||
apnic||ipv4|192.153.251.0|256|20030801||
apnic||ipv4|192.154.016.0|2048|20030801||
apnic||ipv4|192.154.24.0|512|20030801||
apnic||ipv4|192.156.140.0|1024|20030801||
apnic||ipv4|192.156.165.0|256|20030801||
apnic||ipv4|192.156.207.0|256|20030801||
apnic||ipv4|192.156.208.0|256|20030801||
apnic||ipv4|192.156.220.0|256|20030801||
apnic||ipv4|192.156.225.0|256|20030801||
apnic||ipv4|192.156.249.0|256|20030801||
apnic||ipv4|192.157.162.0|256|20030801||
apnic||ipv4|192.157.191.0|256|20030801||
apnic||ipv4|192.159.016.0|2048|20030801||
apnic||ipv4|192.159.24.0|1024|20030801||
apnic||ipv4|192.159.28.0|512|20030801||
apnic||ipv4|192.159.30.0|256|20030801||
apnic||ipv4|192.160.016.0|256|20030801||
apnic||ipv4|192.160.019.0|256|20030801||
apnic||ipv4|192.160.029.0|256|20030801||
apnic||ipv4|192.160.071.0|256|20030801||
apnic||ipv4|192.160.155.0|256|20030801||
apnic||ipv4|192.160.161.0|256|20030801||
apnic||ipv4|192.160.169.0|256|20030801||
apnic||ipv4|192.160.170.0|512|20030801||
apnic||ipv4|192.160.205.0|256|20030801||
apnic||ipv4|192.160.226.0|256|20030801||
apnic||ipv4|192.160.229.0|256|20030801||
apnic||ipv4|192.161.128.0|512|20030801||
apnic||ipv4|192.169.032.0|2048|20030801||
apnic||ipv4|192.169.40.0|512|20030801||
apnic||ipv4|192.172.227.0|256|20030801||
apnic||ipv4|192.172.228.0|256|20030801||
apnic||ipv4|192.172.244.0|512|20030801||
apnic||ipv4|192.172.246.0|256|20030801||
apnic||ipv4|192.173.016.0|2048|20030801||
apnic||ipv4|192.173.24.0|256|20030801||
apnic||ipv4|192.174.128.0|32768|20030801||
apnic||ipv4|192.188.043.0|256|20030801||
apnic||ipv4|192.188.071.0|256|20030801||
apnic||ipv4|192.188.073.0|256|20030801||
apnic||ipv4|192.188.74.0|512|20030801||
apnic||ipv4|192.188.76.0|1024|20030801||
apnic||ipv4|192.188.92.0|256|20030801||
apnic||ipv4|192.188.101.0|256|20030801||
apnic||ipv4|192.188.107.0|256|20030801||
apnic||ipv4|192.188.115.0|256|20030801||
apnic||ipv4|192.188.128.0|256|20030801||
apnic||ipv4|192.188.151.0|256|20030801||
apnic||ipv4|192.188.170.0|512|20030801||
apnic||ipv4|192.188.172.0|256|20030801||
apnic||ipv4|192.188.174.0|512|20030801||
apnic||ipv4|192.188.185.0|256|20030801||
apnic||ipv4|192.188.186.0|256|20030801||
apnic||ipv4|192.188.241.0|256|20030801||
apnic||ipv4|192.189.024.0|256|20030801||
apnic||ipv4|192.189.034.0|256|20030801||
apnic||ipv4|192.189.054.0|256|20030801||
apnic||ipv4|192.189.094.0|256|20030801||
apnic||ipv4|192.189.136.0|256|20030801||
apnic||ipv4|192.189.148.0|256|20030801||
apnic||ipv4|192.189.159.0|256|20030801||
apnic||ipv4|192.189.208.0|1024|20030801||
apnic||ipv4|192.189.223.0|256|20030801||
apnic||ipv4|192.189.229.0|256|20030801||
apnic||ipv4|192.189.230.0|512|20030801||
apnic||ipv4|192.189.232.0|512|20030801||
apnic||ipv4|192.190.061.0|256|20030801||
apnic||ipv4|192.190.066.0|256|20030801||
apnic||ipv4|192.190.108.0|256|20030801||
apnic||ipv4|192.190.180.0|512|20030801||
apnic||ipv4|192.190.204.0|512|20030801||
apnic||ipv4|192.190.208.0|2048|20030801||
apnic||ipv4|192.192.0.0|65536|20030801||
apnic||ipv4|192.195.002.0|256|20030801||
apnic||ipv4|192.195.010.0|256|20030801||
apnic||ipv4|192.195.012.0|512|20030801||
apnic||ipv4|192.195.14.0|256|20030801||
apnic||ipv4|192.195.034.0|256|20030801||
apnic||ipv4|192.195.039.0|256|20030801||
apnic||ipv4|192.195.40.0|256|20030801||
apnic||ipv4|192.195.044.0|1024|20030801||
apnic||ipv4|192.195.48.0|2048|20030801||
apnic||ipv4|192.195.102.0|256|20030801||
apnic||ipv4|192.195.112.0|256|20030801||
apnic||ipv4|192.195.152.0|256|20030801||
apnic||ipv4|192.195.170.0|256|20030801||
apnic||ipv4|192.195.186.0|256|20030801||
apnic||ipv4|192.195.197.0|256|20030801||
apnic||ipv4|192.195.219.0|256|20030801||
apnic||ipv4|192.195.233.0|256|20030801||
apnic||ipv4|192.199.032.0|4096|20030801||
apnic||ipv4|192.200.064.0|4096|20030801||
apnic||ipv4|192.203.38.0|512|20030801||
apnic||ipv4|192.203.081.0|256|20030801||
apnic||ipv4|192.203.82.0|512|20030801||
apnic||ipv4|192.203.84.0|1024|20030801||
apnic||ipv4|192.203.88.0|2048|20030801||
apnic||ipv4|192.203.099.0|256|20030801||
apnic||ipv4|192.203.138.0|512|20030801||
apnic||ipv4|192.203.140.0|1024|20030801||
apnic||ipv4|192.203.144.0|512|20030801||
apnic||ipv4|192.203.146.0|256|20030801||
apnic||ipv4|192.203.154.0|256|20030801||
apnic||ipv4|192.203.156.0|512|20030801||
apnic||ipv4|192.203.176.0|256|20030801||
apnic||ipv4|192.203.183.0|256|20030801||
apnic||ipv4|192.203.184.0|512|20030801||
apnic||ipv4|192.203.193.0|256|20030801||
apnic||ipv4|192.203.208.0|512|20030801||
apnic||ipv4|192.203.213.0|256|20030801||
apnic||ipv4|192.203.216.0|256|20030801||
apnic||ipv4|192.203.232.0|256|20030801||
apnic||ipv4|192.203.235.0|256|20030801||
apnic||ipv4|192.203.247.0|256|20030801||
apnic||ipv4|192.206.102.0|256|20030801||
apnic||ipv4|192.206.108.0|256|20030801||
apnic||ipv4|192.206.117.0|256|20030801||
apnic||ipv4|192.206.152.0|1024|20030801||
apnic||ipv4|192.206.156.0|512|20030801||
apnic||ipv4|192.207.033.0|256|20030801||
apnic||ipv4|192.207.036.0|256|20030801||
apnic||ipv4|192.207.064.0|256|20030801||
apnic||ipv4|192.207.091.0|256|20030801||
apnic||ipv4|192.207.096.0|512|20030801||
apnic||ipv4|192.207.98.0|256|20030801||
apnic||ipv4|192.207.113.0|256|20030801||
apnic||ipv4|192.207.119.0|256|20030801||
apnic||ipv4|192.207.120.0|512|20030801||
apnic||ipv4|192.207.143.0|256|20030801||
apnic||ipv4|192.207.151.0|256|20030801||
apnic||ipv4|192.207.152.0|1024|20030801||
apnic||ipv4|192.207.156.0|512|20030801||
apnic||ipv4|192.207.158.0|256|20030801||
apnic||ipv4|192.207.161.0|256|20030801||
apnic||ipv4|192.207.165.0|256|20030801||
apnic||ipv4|192.207.187.0|256|20030801||
apnic||ipv4|192.207.197.0|256|20030801||
apnic||ipv4|192.207.198.0|256|20030801||
apnic||ipv4|192.207.242.0|256|20030801||
apnic||ipv4|192.207.248.0|256|20030801||
apnic||ipv4|192.207.254.0|256|20030801||
apnic||ipv4|192.218.0.0|65536|20030801||
apnic||ipv4|192.227.001.0|256|20030801||
apnic||ipv4|192.227.2.0|512|20030801||
apnic||ipv4|192.227.4.0|1024|20030801||
apnic||ipv4|192.227.8.0|2048|20030801||
apnic||ipv4|192.228.128.0|32768|20030801||
apnic||ipv4|192.230.016.0|4096|20030801||
apnic||ipv4|192.231.015.0|256|20030801||
apnic||ipv4|192.231.034.0|256|20030801||
apnic||ipv4|192.231.059.0|256|20030801||
apnic||ipv4|192.231.077.0|256|20030801||
apnic||ipv4|192.231.127.0|256|20030801||
apnic||ipv4|192.231.135.0|256|20030801||
apnic||ipv4|192.231.136.0|512|20030801||
apnic||ipv4|192.231.144.0|256|20030801||
apnic||ipv4|192.231.166.0|512|20030801||
apnic||ipv4|192.231.168.0|512|20030801||
apnic||ipv4|192.231.170.0|256|20030801||
apnic||ipv4|192.231.183.0|256|20030801||
apnic||ipv4|192.231.193.0|256|20030801||
apnic||ipv4|192.231.203.0|256|20030801||
apnic||ipv4|192.231.211.0|256|20030801||
apnic||ipv4|192.231.212.0|256|20030801||
apnic||ipv4|192.231.216.0|256|20030801||
apnic||ipv4|192.231.218.0|256|20030801||
apnic||ipv4|192.231.248.0|256|20030801||
apnic||ipv4|192.232.032.0|8192|20030801||
apnic||ipv4|192.232.128.0|8192|20030801||
apnic||ipv4|192.234.058.0|256|20030801||
apnic||ipv4|192.234.231.0|256|20030801||
apnic||ipv4|192.234.245.0|256|20030801||
apnic||ipv4|192.240.016.0|4096|20030801||
apnic||ipv4|192.244.0.0|65536|20030801||
apnic||ipv4|192.245.011.0|256|20030801||
apnic||ipv4|192.245.013.0|256|20030801||
apnic||ipv4|192.245.14.0|256|20030801||
apnic||ipv4|192.245.034.0|512|20030801||
apnic||ipv4|192.245.36.0|256|20030801||
apnic||ipv4|192.245.058.0|512|20030801||
apnic||ipv4|192.245.073.0|256|20030801||
apnic||ipv4|192.245.74.0|512|20030801||
apnic||ipv4|192.245.76.0|1024|20030801||
apnic||ipv4|192.245.80.0|256|20030801||
apnic||ipv4|192.245.094.0|256|20030801||
apnic||ipv4|192.245.105.0|256|20030801||
apnic||ipv4|192.245.106.0|512|20030801||
apnic||ipv4|192.245.108.0|1024|20030801||
apnic||ipv4|192.245.112.0|256|20030801||
apnic||ipv4|192.245.155.0|256|20030801||
apnic||ipv4|192.245.185.0|256|20030801||
apnic||ipv4|192.245.192.0|256|20030801||
apnic||ipv4|192.245.196.0|256|20030801||
apnic||ipv4|192.245.208.0|256|20030801||
apnic||ipv4|192.245.210.0|512|20030801||
apnic||ipv4|192.245.212.0|1024|20030801||
apnic||ipv4|192.245.216.0|512|20030801||
apnic||ipv4|192.245.219.0|256|20030801||
apnic||ipv4|192.245.220.0|256|20030801||
apnic||ipv4|192.245.249.0|256|20030801||
apnic||ipv4|192.245.250.0|512|20030801||
apnic||ipv4|192.248.0.0|32768|20030801||
apnic||ipv4|192.249.016.0|4096|20030801||
apnic||ipv4|192.251.148.0|256|20030801||
apnic||ipv4|192.251.195.0|256|20030801||
apnic||ipv4|192.251.201.0|256|20030801||
apnic||ipv4|192.251.204.0|1024|20030801||
apnic||ipv4|192.251.227.0|256|20030801||
apnic||ipv4|192.251.228.0|512|20030801||
apnic||ipv4|192.251.230.0|256|20030801||
apnic||ipv4|196.001.001.0|256|20041001||
apnic||ipv4|196.001.068.0|256|20041001||
apnic||ipv4|196.001.104.0|512|20041001||
apnic||ipv4|196.001.106.0|256|20041001||
apnic||ipv4|196.001.108.0|1024|20041001||
apnic||ipv4|196.001.113.0|256|20041001||
apnic||ipv4|196.001.114.0|256|20041001||
apnic||ipv4|196.001.134.0|256|20041001||
apnic||ipv4|196.003.065.0|256|20041001||
apnic||ipv4|196.003.072.0|256|20041001||
apnic||ipv4|196.012.032.0|8192|20041001||
apnic||ipv4|196.015.016.0|4096|20041001||
apnic||ipv4|198.015.016.0|4096|20041001||
apnic||ipv4|198.015.32.0|8192|20041001||
apnic||ipv4|198.017.001.0|256|20041001||
apnic||ipv4|198.017.007.0|256|20041001||
apnic||ipv4|198.017.070.0|256|20041001||
apnic||ipv4|198.017.106.0|256|20041001||
apnic||ipv4|198.017.113.0|256|20041001||
apnic||ipv4|198.017.114.0|512|20041001||
apnic||ipv4|198.017.118.0|256|20041001||
apnic||ipv4|198.017.228.0|256|20041001||
apnic||ipv4|198.017.240.0|512|20041001||
apnic||ipv4|198.022.034.0|512|20041001||
apnic||ipv4|198.022.037.0|256|20041001||
apnic||ipv4|198.022.047.0|256|20041001||
apnic||ipv4|198.022.48.0|512|20041001||
apnic||ipv4|198.022.50.0|256|20041001||
apnic||ipv4|198.022.061.0|256|20041001||
apnic||ipv4|198.027.004.0|1024|20041001||
apnic||ipv4|198.027.8.0|256|20041001||
apnic||ipv4|198.041.016.0|2048|20041001||
apnic||ipv4|198.041.24.0|1024|20041001||
apnic||ipv4|198.048.0.0|1024|20041001||
apnic||ipv4|198.049.002.0|512|20041001||
apnic||ipv4|198.049.032.0|2048|20041001||
apnic||ipv4|198.049.087.0|256|20041001||
apnic||ipv4|198.049.112.0|512|20041001||
apnic||ipv4|198.049.124.0|256|20041001||
apnic||ipv4|198.051.004.0|1024|20041001||
apnic||ipv4|198.051.099.0|256|20041001||
apnic||ipv4|198.051.100.0|512|20041001||
apnic||ipv4|198.051.186.0|256|20041001||
apnic||ipv4|198.051.195.0|256|20041001||
apnic||ipv4|198.051.196.0|256|20041001||
apnic||ipv4|198.051.210.0|512|20041001||
apnic||ipv4|198.056.016.0|2048|20041001||
apnic||ipv4|198.056.24.0|512|20041001||
apnic||ipv4|198.061.001.0|256|20041001||
apnic||ipv4|198.061.2.0|512|20041001||
apnic||ipv4|198.061.008.0|2048|20041001||
apnic||ipv4|198.073.220.0|256|20041001||
apnic||ipv4|198.099.173.0|256|20041001||
apnic||ipv4|198.142.0.0|65536|20041001||
apnic||ipv4|198.200.0.0|2048|20041001||
apnic||ipv4|198.200.8.0|512|20041001||
apnic||ipv4|192.172.229.0|256|20071106||
apnic||ipv4|192.172.230.0|256|20071107||
apnic||ipv4|192.172.231.0|256|20071107||
apnic||ipv4|43.0.0.0|16777216|20090723||
apnic||ipv4|133.0.0.0|16777216|20091116||
apnic||ipv4|192.055.219.0|256|20100603||
apnic||ipv4|139.0.0.0|65536|20100922||
apnic||ipv4|139.101.0.0|65536|20100922||
apnic||ipv4|139.129.0.0|65536|20100922||
apnic||ipv4|139.148.0.0|65536|20100922||
apnic||ipv4|139.150.0.0|65536|20100922||
apnic||ipv4|139.155.0.0|65536|20100922||
apnic||ipv4|139.159.0.0|65536|20100922||
apnic||ipv4|139.170.0.0|65536|20100922||
apnic||ipv4|139.176.0.0|65536|20100922||
apnic||ipv4|139.183.0.0|65536|20100922||
apnic||ipv4|139.186.0.0|65536|20100922||
apnic||ipv4|139.189.0.0|65536|20100922||
apnic||ipv4|139.190.0.0|65536|20100922||
apnic||ipv4|139.192.0.0|1048576|20100922||
apnic||ipv4|139.208.0.0|524288|20100922||
apnic||ipv4|139.216.0.0|262144|20100922||
apnic||ipv4|139.220.0.0|131072|20100922||
apnic||ipv4|139.224.0.0|65536|20100922||
apnic||ipv4|139.226.0.0|131072|20100922||
apnic||ipv4|139.228.0.0|65536|20100922||
apnic||ipv4|139.255.0.0|65536|20100922||
apnic||ipv4|139.9.0.0|65536|20100922||
apnic||ipv4|140.0.0.0|65536|20100922||
apnic||ipv4|140.143.0.0|65536|20100922||
apnic||ipv4|140.149.0.0|65536|20100922||
apnic||ipv4|140.205.0.0|65536|20100922||
apnic||ipv4|140.206.0.0|131072|20100922||
apnic||ipv4|140.210.0.0|65536|20100922||
apnic||ipv4|140.213.0.0|65536|20100922||
apnic||ipv4|140.224.0.0|65536|20100922||
apnic||ipv4|140.237.0.0|65536|20100922||
apnic||ipv4|140.240.0.0|65536|20100922||
apnic||ipv4|140.243.0.0|65536|20100922||
apnic||ipv4|140.246.0.0|65536|20100922||
apnic||ipv4|140.249.0.0|65536|20100922||
apnic||ipv4|140.250.0.0|65536|20100922||
apnic||ipv4|140.255.0.0|65536|20100922||
apnic||ipv4|140.75.0.0|65536|20100922||
apnic||ipv4|144.0.0.0|65536|20100922||
apnic||ipv4|144.12.0.0|65536|20100922||
apnic||ipv4|144.123.0.0|65536|20100922||
apnic||ipv4|144.255.0.0|65536|20100922||
apnic||ipv4|144.52.0.0|65536|20100922||
apnic||ipv4|144.7.0.0|65536|20100922||
apnic||ipv4|150.0.0.0|65536|20100922||
apnic||ipv4|150.115.0.0|65536|20100922||
apnic||ipv4|150.116.0.0|131072|20100922||
apnic||ipv4|150.121.0.0|65536|20100922||
apnic||ipv4|150.122.0.0|65536|20100922||
apnic||ipv4|150.138.0.0|131072|20100922||
apnic||ipv4|150.223.0.0|65536|20100922||
apnic||ipv4|150.255.0.0|65536|20100922||
apnic||ipv4|153.0.0.0|65536|20100922||
apnic||ipv4|153.101.0.0|65536|20100922||
apnic||ipv4|153.118.0.0|131072|20100922||
apnic||ipv4|153.120.0.0|524288|20100922||
apnic||ipv4|153.128.0.0|8388608|20100922||
apnic||ipv4|153.3.0.0|65536|20100922||
apnic||ipv4|153.34.0.0|131072|20100922||
apnic||ipv4|153.36.0.0|131072|20100922||
apnic||ipv4|153.99.0.0|65536|20100922||
apnic||ipv4|157.0.0.0|65536|20100922||
apnic||ipv4|157.122.0.0|65536|20100922||
apnic||ipv4|157.148.0.0|65536|20100922||
apnic||ipv4|157.156.0.0|65536|20100922||
apnic||ipv4|157.255.0.0|65536|20100922||
apnic||ipv4|157.61.0.0|65536|20100922||
apnic||ipv4|163.0.0.0|65536|20100922||
apnic||ipv4|163.125.0.0|65536|20100922||
apnic||ipv4|163.177.0.0|65536|20100922||
apnic||ipv4|163.179.0.0|65536|20100922||
apnic||ipv4|163.204.0.0|65536|20100922||
apnic||ipv4|163.213.0.0|65536|20100922||
apnic||ipv4|163.222.0.0|65536|20100922||
apnic||ipv4|163.229.0.0|65536|20100922||
apnic||ipv4|163.255.0.0|65536|20100922||
apnic||ipv4|171.0.0.0|1048576|20100922||
apnic||ipv4|171.100.0.0|262144|20100922||
apnic||ipv4|171.104.0.0|524288|20100922||
apnic||ipv4|171.112.0.0|1048576|20100922||
apnic||ipv4|171.207.0.0|65536|20100922||
apnic||ipv4|171.208.0.0|1048576|20100922||
apnic||ipv4|171.224.0.0|2097152|20100922||
apnic||ipv4|171.34.0.0|131072|20100922||
apnic||ipv4|171.36.0.0|262144|20100922||
apnic||ipv4|171.40.0.0|524288|20100922||
apnic||ipv4|171.48.0.0|1048576|20100922||
apnic||ipv4|171.76.0.0|262144|20100922||
apnic||ipv4|171.80.0.0|1048576|20100922||
apnic||ipv4|171.96.0.0|262144|20100922||
apnic||ipv4|160.244.0.0|262144|20040401||
apnic||ipv4|160.240.0.0|131072|20040401||
apnic||ipv4|160.243.0.0|65536|20040401||
apnic||ipv4|165.017.0.0|65536|20030801||
apnic||ipv4|192.051.128.0|16384|20030801||
apnic||ipv4|192.051.224.0|8192|20030801||
apnic||ipv4|192.051.208.0|4096|20030801||
apnic||ipv4|192.051.200.0|2048|20030801||
apnic||ipv4|192.051.196.0|1024|20030801||
apnic||ipv4|192.051.194.0|512|20030801||
apnic||ipv4|192.051.32.0|4096|20030801||
apnic||ipv4|192.051.56.0|2048|20030801||
apnic||ipv4|192.051.52.0|1024|20030801||
apnic||ipv4|192.051.50.0|512|20030801||
apnic||ipv4|192.051.49.0|256|20030801||
apnic||ipv4|192.135.92.0|256|20030801||
apnic||ipv4|192.135.94.0|512|20030801||
apnic||ipv4|192.156.144.0|2048|20030801||
apnic||ipv4|192.156.152.0|1024|20030801||
apnic||ipv4|192.156.158.0|512|20030801||
apnic||ipv4|192.156.156.0|256|20030801||
apnic||ipv4|192.172.242.0|512|20030801||
apnic||ipv4|192.172.241.0|256|20030801||
apnic||ipv4|192.172.236.0|1024|20030801||
apnic||ipv4|192.172.234.0|512|20030801||
apnic||ipv4|192.172.232.0|256|20030801||
apnic||ipv4|192.188.80.0|1024|20030801||
apnic||ipv4|192.188.86.0|512|20030801||
apnic||ipv4|192.188.85.0|256|20030801||
apnic||ipv4|192.188.89.0|256|20030801||
apnic||ipv4|192.188.90.0|256|20030801||
apnic||ipv4|163.136.0.0|524288|20030401||
apnic||ipv4|163.132.0.0|262144|20030401||
apnic||ipv4|163.130.0.0|131072|20030401||
apnic||ipv4|163.128.0.0|65536|20030401||
